module_position,module_name,direction,pictory_name,byte_address,bit,length_bits,physical_device,notes
0,RevPi Connect 5,input,RevPiStatus,0,,8,,
0,RevPi Connect 5,input,RevPiIOCycle,1,,8,,
0,RevPi Connect 5,input,RS485ErrorCnt,2,,16,,
0,RevPi Connect 5,input,Core_Temperature,4,,8,,
0,RevPi Connect 5,input,Core_Frequency,5,,8,,
0,RevPi Connect 5,output,RevPiReservedByte,6,,8,,
0,RevPi Connect 5,output,RS485ErrorLimit1,7,,16,,
0,RevPi Connect 5,output,RS485ErrorLimit2,9,,16,,
0,RevPi Connect 5,output,RevPiLED,11,,16,,
32,RevPi DIO,input,I_1,13,0,1,,
32,RevPi DIO,input,I_2,13,1,1,,
32,RevPi DIO,input,I_3,13,2,1,,
32,RevPi DIO,input,I_4,13,3,1,,
32,RevPi DIO,input,I_5,13,4,1,,
32,RevPi DIO,input,I_6,13,5,1,,
32,RevPi DIO,input,I_7,13,6,1,,
32,RevPi DIO,input,I_8,13,7,1,,
32,RevPi DIO,input,I_9,14,0,1,,
32,RevPi DIO,input,I_10,14,1,1,,
32,RevPi DIO,input,I_11,14,2,1,,
32,RevPi DIO,input,I_12,14,3,1,,
32,RevPi DIO,input,I_13,14,4,1,,
32,RevPi DIO,input,I_14,14,5,1,,
32,RevPi DIO,input,InputIPadding_15,14,6,1,,
32,RevPi DIO,input,InputIPadding_16,14,7,1,,
32,RevPi DIO,input,Output_Status,15,,16,,
32,RevPi DIO,input,Status,17,,16,,
32,RevPi DIO,input,Counter_1,19,,32,,
32,RevPi DIO,input,Counter_2,23,,32,,
32,RevPi DIO,input,Counter_3,27,,32,,
32,RevPi DIO,input,Counter_4,31,,32,,
32,RevPi DIO,input,Counter_5,35,,32,,
32,RevPi DIO,input,Counter_6,39,,32,,
32,RevPi DIO,input,Counter_7,43,,32,,
32,RevPi DIO,input,Counter_8,47,,32,,
32,RevPi DIO,input,Counter_9,51,,32,,
32,RevPi DIO,input,Counter_10,55,,32,,
32,RevPi DIO,input,Counter_11,59,,32,,
32,RevPi DIO,input,Counter_12,63,,32,,
32,RevPi DIO,input,Counter_13,67,,32,,
32,RevPi DIO,input,Counter_14,71,,32,,
32,RevPi DIO,input,InputCounterPadding_15,75,,32,,
32,RevPi DIO,input,InputCounterPadding_16,79,,32,,
32,RevPi DIO,output,O_1,83,0,1,,
32,RevPi DIO,output,O_2,83,1,1,,
32,RevPi DIO,output,O_3,83,2,1,,
32,RevPi DIO,output,O_4,83,3,1,,
32,RevPi DIO,output,O_5,83,4,1,,
32,RevPi DIO,output,O_6,83,5,1,,
32,RevPi DIO,output,O_7,83,6,1,,
32,RevPi DIO,output,O_8,83,7,1,,
32,RevPi DIO,output,O_9,84,0,1,,
32,RevPi DIO,output,O_10,84,1,1,,
32,RevPi DIO,output,O_11,84,2,1,,
32,RevPi DIO,output,O_12,84,3,1,,
32,RevPi DIO,output,O_13,84,4,1,,
32,RevPi DIO,output,O_14,84,5,1,,
32,RevPi DIO,output,OutputOPadding_15,84,6,1,,
32,RevPi DIO,output,OutputOPadding_16,84,7,1,,
32,RevPi DIO,output,PWM_1,85,,8,,
32,RevPi DIO,output,PWM_2,86,,8,,
32,RevPi DIO,output,PWM_3,87,,8,,
32,RevPi DIO,output,PWM_4,88,,8,,
32,RevPi DIO,output,PWM_5,89,,8,,
32,RevPi DIO,output,PWM_6,90,,8,,
32,RevPi DIO,output,PWM_7,91,,8,,
32,RevPi DIO,output,PWM_8,92,,8,,
32,RevPi DIO,output,PWM_9,93,,8,,
32,RevPi DIO,output,PWM_10,94,,8,,
32,RevPi DIO,output,PWM_11,95,,8,,
32,RevPi DIO,output,PWM_12,96,,8,,
32,RevPi DIO,output,PWM_13,97,,8,,
32,RevPi DIO,output,PWM_14,98,,8,,
32,RevPi DIO,output,OutputPwmPadding_15,99,,8,,
32,RevPi DIO,output,OutputPwmPadding_16,100,,8,,
33,RevPi AIO1,input,InputValue_1,126,,16,,
33,RevPi AIO1,input,InputValue_2,128,,16,,
33,RevPi AIO1,input,InputValue_3,130,,16,,
33,RevPi AIO1,input,InputValue_4,132,,16,,
33,RevPi AIO1,input,InputStatus_1,134,,8,,
33,RevPi AIO1,input,InputStatus_2,135,,8,,
33,RevPi AIO1,input,InputStatus_3,136,,8,,
33,RevPi AIO1,input,InputStatus_4,137,,8,,
33,RevPi AIO1,input,RTDValue_1,138,,16,,
33,RevPi AIO1,input,RTDValue_2,140,,16,,
33,RevPi AIO1,input,RTDStatus_1,142,,8,,
33,RevPi AIO1,input,RTDStatus_2,143,,8,,
33,RevPi AIO1,input,OutputStatus_1,144,,8,,
33,RevPi AIO1,input,OutputStatus_2,145,,8,,
33,RevPi AIO1,output,OutputValue_1,146,,16,,
33,RevPi AIO1,output,OutputValue_2,148,,16,,
34,RevPi AIO2,input,cmr361_signal,215,,16,,
34,RevPi AIO2,input,InputValue_2_i04,217,,16,,
34,RevPi AIO2,input,huba691_signal,219,,16,,
34,RevPi AIO2,input,InputValue_4_i04,221,,16,,
34,RevPi AIO2,input,cmr361_status,223,,8,,
34,RevPi AIO2,input,InputStatus_2_i04,224,,8,,
34,RevPi AIO2,input,huba691_status,225,,8,,
34,RevPi AIO2,input,InputStatus_4_i04,226,,8,,
34,RevPi AIO2,input,RTDValue_1_i04,227,,16,,
34,RevPi AIO2,input,RTDValue_2_i04,229,,16,,
34,RevPi AIO2,input,RTDStatus_1_i04,231,,8,,
34,RevPi AIO2,input,RTDStatus_2_i04,232,,8,,
34,RevPi AIO2,input,OutputStatus_1_i04,233,,8,,
34,RevPi AIO2,input,OutputStatus_2_i04,234,,8,,
34,RevPi AIO2,output,OutputValue_1_i04,235,,16,,
34,RevPi AIO2,output,OutputValue_2_i04,237,,16,,
35,RevPi AIO3,input,InputValue_1_i05,304,,16,,
35,RevPi AIO3,input,InputValue_2_i05,306,,16,,
35,RevPi AIO3,input,InputValue_3_i05,308,,16,,
35,RevPi AIO3,input,InputValue_4_i05,310,,16,,
35,RevPi AIO3,input,InputStatus_1_i05,312,,8,,
35,RevPi AIO3,input,InputStatus_2_i05,313,,8,,
35,RevPi AIO3,input,InputStatus_3_i05,314,,8,,
35,RevPi AIO3,input,InputStatus_4_i05,315,,8,,
35,RevPi AIO3,input,RTDValue_1_i05,316,,16,,
35,RevPi AIO3,input,RTDValue_2_i05,318,,16,,
35,RevPi AIO3,input,RTDStatus_1_i05,320,,8,,
35,RevPi AIO3,input,RTDStatus_2_i05,321,,8,,
35,RevPi AIO3,input,OutputStatus_1_i05,322,,8,,
35,RevPi AIO3,input,OutputStatus_2_i05,323,,8,,
35,RevPi AIO3,output,OutputValue_1_i05,324,,16,,
35,RevPi AIO3,output,OutputValue_2_i05,326,,16,,
36,RevPi DI,input,I_1_i06,393,0,1,,
36,RevPi DI,input,I_2_i06,393,1,1,,
36,RevPi DI,input,I_3_i06,393,2,1,,
36,RevPi DI,input,I_4_i06,393,3,1,,
36,RevPi DI,input,I_5_i06,393,4,1,,
36,RevPi DI,input,I_6_i06,393,5,1,,
36,RevPi DI,input,I_7_i06,393,6,1,,
36,RevPi DI,input,I_8_i06,393,7,1,,
36,RevPi DI,input,I_9_i06,394,0,1,,
36,RevPi DI,input,I_10_i06,394,1,1,,
36,RevPi DI,input,I_11_i06,394,2,1,,
36,RevPi DI,input,I_12_i06,394,3,1,,
36,RevPi DI,input,I_13_i06,394,4,1,,
36,RevPi DI,input,I_14_i06,394,5,1,,
36,RevPi DI,input,I_15,394,6,1,,
36,RevPi DI,input,I_16,394,7,1,,
36,RevPi DI,input,Status_i06,397,,16,,
36,RevPi DI,input,Counter_1_i06,399,,32,,
36,RevPi DI,input,Counter_2_i06,403,,32,,
36,RevPi DI,input,Counter_3_i06,407,,32,,
36,RevPi DI,input,Counter_4_i06,411,,32,,
36,RevPi DI,input,Counter_5_i06,415,,32,,
36,RevPi DI,input,Counter_6_i06,419,,32,,
36,RevPi DI,input,Counter_7_i06,423,,32,,
36,RevPi DI,input,Counter_8_i06,427,,32,,
36,RevPi DI,input,Counter_9_i06,431,,32,,
36,RevPi DI,input,Counter_10_i06,435,,32,,
36,RevPi DI,input,Counter_11_i06,439,,32,,
36,RevPi DI,input,Counter_12_i06,443,,32,,
36,RevPi DI,input,Counter_13_i06,447,,32,,
36,RevPi DI,input,Counter_14_i06,451,,32,,
36,RevPi DI,input,Counter_15,455,,32,,
36,RevPi DI,input,Counter_16,459,,32,,
36,RevPi DI,input,Output_Status_i06,395,,16,,
36,RevPi DI,output,Output,463,,16,,
36,RevPi DI,output,PWM_1_i06,465,,8,,
36,RevPi DI,output,PWM_2_i06,466,,8,,
36,RevPi DI,output,PWM_3_i06,467,,8,,
36,RevPi DI,output,PWM_4_i06,468,,8,,
36,RevPi DI,output,PWM_5_i06,469,,8,,
36,RevPi DI,output,PWM_6_i06,470,,8,,
36,RevPi DI,output,PWM_7_i06,471,,8,,
36,RevPi DI,output,PWM_8_i06,472,,8,,
36,RevPi DI,output,PWM_9_i06,473,,8,,
36,RevPi DI,output,PWM_10_i06,474,,8,,
36,RevPi DI,output,PWM_11_i06,475,,8,,
36,RevPi DI,output,PWM_12_i06,476,,8,,
36,RevPi DI,output,PWM_13_i06,477,,8,,
36,RevPi DI,output,PWM_14_i06,478,,8,,
36,RevPi DI,output,PWM_15,479,,8,,
36,RevPi DI,output,PWM_16,480,,8,,
